City_ID,City,Country,Date,Lat,Lng,Max Temp,Humidity,Cloudiness,Wind Speed
0,Puerto Escondido,MX,2020-10-19 19:00:50,15.85,-97.07,86.0,70,20,6.93
1,Dodge City,US,2020-10-19 18:58:20,37.75,-100.02,50.0,39,75,3.36
2,Busselton,AU,2020-10-19 18:59:34,-33.65,115.33,57.0,71,0,9.24
3,Great Bend,US,2020-10-19 19:00:51,38.36,-98.76,52.0,49,90,9.17
4,Piet Retief,ZA,2020-10-19 19:00:51,-27.01,30.81,70.7,56,37,4.16
5,Chapada Dos Guimaraes,BR,2020-10-19 19:01:10,-15.46,-55.75,91.4,41,78,13.87
6,Bullhead City,US,2020-10-19 18:56:27,35.15,-114.57,84.2,14,5,1.95
7,Morros,BR,2020-10-19 19:01:11,-9.45,-46.3,93.76,27,87,8.41
8,Luau,AO,2020-10-19 19:01:11,-10.71,22.22,73.83,46,0,2.55
9,Portsmouth,GB,2020-10-19 18:57:00,50.8,-1.09,57.99,75,100,1.99
10,Saint George,US,2020-10-19 18:56:14,37.1,-113.58,69.8,16,1,3.36
11,Ushuaia,AR,2020-10-19 19:00:54,-54.8,-68.3,39.2,86,75,33.33
12,Panaba,MX,2020-10-19 19:00:54,21.28,-88.27,83.41,79,29,13.69
13,Kapaa,US,2020-10-19 19:00:51,22.08,-159.32,81.0,83,75,6.93
14,Deputatskiy,RU,2020-10-19 19:00:54,69.3,139.9,9.36,95,98,4.76
15,Qaanaaq,GL,2020-10-19 18:59:44,77.48,-69.36,26.65,82,10,9.44
16,Ouro Fino,BR,2020-10-19 19:00:55,-22.28,-46.37,74.93,64,99,5.61
17,Wichian Buri,TH,2020-10-19 19:00:55,15.66,101.11,70.32,86,100,3.36
18,Punta Arenas,CL,2020-10-19 19:00:55,-53.15,-70.92,46.4,61,100,40.26
19,Tuktoyaktuk,CA,2020-10-19 19:00:55,69.45,-133.04,22.6,97,92,5.59
20,Leningradskiy,RU,2020-10-19 19:00:19,69.38,178.42,27.03,91,98,6.51
21,Kazachinskoye,RU,2020-10-19 19:00:55,57.7,93.28,29.5,93,100,6.76
22,Rikitea,PF,2020-10-19 18:59:29,-23.12,-134.97,73.89,79,0,14.74
23,Hilo,US,2020-10-19 18:56:09,19.73,-155.09,77.0,78,90,8.05
24,Mindelo,CV,2020-10-19 19:00:56,16.89,-24.98,87.8,55,40,10.29
25,Laguna,US,2020-10-19 19:00:56,38.42,-121.42,82.0,46,1,5.82
26,Fougamou,GA,2020-10-19 19:00:56,-1.22,10.58,75.06,94,100,3.38
27,Pevek,RU,2020-10-19 19:00:56,69.7,170.31,24.8,94,0,13.87
28,Luderitz,NA,2020-10-19 19:00:56,-26.65,15.16,61.05,69,0,24.05
29,Murdochville,CA,2020-10-19 19:00:57,48.96,-65.5,47.91,61,100,8.55
30,Sobolevo,RU,2020-10-19 19:00:57,54.43,31.9,38.25,77,7,14.76
31,Lagoa,PT,2020-10-19 18:56:25,39.05,-27.98,63.77,74,93,36.84
32,Mar Del Plata,AR,2020-10-19 18:59:13,-38.0,-57.56,62.6,42,98,16.11
33,Geraldton,AU,2020-10-19 19:00:57,-28.77,114.6,66.2,72,90,10.29
34,Puerto Ayora,EC,2020-10-19 19:00:57,-0.74,-90.35,78.8,69,75,13.87
35,Khatanga,RU,2020-10-19 19:00:57,71.97,102.5,8.51,95,5,2.86
36,Tsabong,BW,2020-10-19 19:00:58,-26.02,22.4,84.04,13,0,7.29
37,Walvis Bay,NA,2020-10-19 19:00:58,-22.96,14.51,60.8,77,0,4.7
38,Mataura,NZ,2020-10-19 19:00:58,-46.19,168.86,50.0,69,94,17.0
39,Port Blair,IN,2020-10-19 19:00:58,11.67,92.75,80.67,85,8,13.47
40,Tres Arroyos,AR,2020-10-19 19:00:58,-38.37,-60.28,64.44,38,0,13.96
41,Colina,BR,2020-10-19 19:00:58,-20.71,-48.54,78.75,58,100,9.93
42,Constitucion,CL,2020-10-19 18:56:31,-35.33,-72.42,61.52,50,0,17.94
43,Cayenne,GF,2020-10-19 19:00:01,4.93,-52.33,89.6,59,23,13.87
44,Jamestown,US,2020-10-19 19:00:37,42.1,-79.24,51.01,100,90,5.82
45,Forbes,AU,2020-10-19 19:00:59,-33.38,148.02,55.0,83,0,1.99
46,Port Alfred,ZA,2020-10-19 19:00:59,-33.59,26.89,64.47,89,12,4.85
47,Kavieng,PG,2020-10-19 19:00:26,-2.57,150.8,81.88,71,54,2.35
48,Avarua,CK,2020-10-19 18:59:46,-21.21,-159.78,78.8,83,0,6.93
49,Tasiilaq,GL,2020-10-19 18:59:46,65.61,-37.64,33.8,86,40,18.34
50,Abomsa,ET,2020-10-19 19:01:16,9.98,39.98,71.02,31,0,7.4
51,Narsaq,GL,2020-10-19 19:01:16,60.92,-46.05,35.6,93,90,2.24
52,Cabedelo,BR,2020-10-19 19:01:16,-6.98,-34.83,86.0,58,40,14.99
53,Daru,PG,2020-10-19 19:01:16,-9.08,143.21,78.35,87,100,9.31
54,Severo-Kurilsk,RU,2020-10-19 19:01:16,50.68,156.12,40.46,74,100,8.43
55,Kodiak,US,2020-10-19 18:56:46,57.79,-152.41,33.8,86,90,5.82
56,Eha Amufu,NG,2020-10-19 19:01:16,6.66,7.76,77.47,88,56,3.47
57,Albany,US,2020-10-19 18:58:48,42.6,-73.97,60.01,72,100,5.97
58,Bairiki,KI,2020-10-19 19:01:17,1.33,172.98,80.6,78,75,5.82
59,Upernavik,GL,2020-10-19 18:59:40,72.79,-56.15,36.37,79,4,19.86
60,San Quintin,MX,2020-10-19 18:59:30,30.48,-115.95,79.88,47,0,18.77
61,Ostrovnoy,RU,2020-10-19 19:01:17,68.05,39.51,35.37,83,100,13.4
62,Luanda,AO,2020-10-19 18:56:47,-8.84,13.23,77.0,83,20,8.05
63,San Patricio,US,2020-10-19 19:01:17,28.02,-97.52,90.0,62,75,16.11
64,Longyearbyen,SJ,2020-10-19 19:01:17,78.22,15.64,24.8,85,75,10.29
65,Cidreira,BR,2020-10-19 19:01:17,-30.18,-50.21,72.23,76,0,14.2
66,Wanning,CN,2020-10-19 19:01:17,18.8,110.4,76.05,87,99,16.73
67,Bereda,ES,2020-10-19 19:01:18,43.27,-7.54,62.01,93,97,14.0
68,Cocal,BR,2020-10-19 19:01:18,-28.62,-49.35,84.45,48,0,9.33
69,Butaritari,KI,2020-10-19 18:59:43,3.07,172.79,81.99,74,93,11.81
70,Hanstholm,DK,2020-10-19 19:01:18,57.12,8.62,48.99,84,100,3.0
71,Vaitape,PF,2020-10-19 19:00:51,-16.52,-151.75,80.73,78,0,16.17
72,Saskylakh,RU,2020-10-19 19:01:18,71.92,114.08,21.92,97,98,4.12
73,Lebu,CL,2020-10-19 18:59:31,-37.62,-73.65,55.98,56,0,12.12
74,Sao Filipe,CV,2020-10-19 19:01:19,14.9,-24.5,82.89,66,99,11.9
75,Barrow,US,2020-10-19 19:01:19,71.29,-156.79,21.2,85,90,10.29
76,Flinders,AU,2020-10-19 18:59:56,-34.58,150.86,61.0,81,71,1.01
77,Ust-Maya,RU,2020-10-19 19:01:19,60.42,134.53,12.6,96,1,2.24
78,Castro,BR,2020-10-19 18:59:57,-24.79,-50.01,75.87,57,18,3.56
79,Caravelas,BR,2020-10-19 19:01:19,-17.71,-39.25,77.02,66,100,7.27
80,Okhotsk,RU,2020-10-19 19:01:19,59.38,143.3,21.76,81,0,23.04
81,Nantucket,US,2020-10-19 18:58:00,41.28,-70.1,55.99,75,1,6.93
82,Faanui,PF,2020-10-19 19:01:20,-16.48,-151.75,79.9,80,0,15.9
83,Labuhan,ID,2020-10-19 19:01:20,-6.88,112.21,78.03,81,90,7.11
84,New Norfolk,AU,2020-10-19 19:01:20,-42.78,147.06,43.0,83,87,2.57
85,Rumoi,JP,2020-10-19 19:01:20,43.93,141.64,48.83,62,17,8.93
86,Vaini,TO,2020-10-19 19:01:13,-21.2,-175.2,69.8,83,20,10.29
87,Valle De Allende,MX,2020-10-19 19:01:20,26.93,-105.4,82.99,21,0,2.1
88,Kruisfontein,ZA,2020-10-19 19:01:20,-34.0,24.73,60.01,83,100,1.99
89,Ekazhevo,RU,2020-10-19 19:01:21,43.21,44.82,55.0,81,79,6.71
90,Tiksi,RU,2020-10-19 18:59:28,71.69,128.87,15.24,93,100,22.57
91,Bac Giang,VN,2020-10-19 19:01:21,21.27,106.2,71.6,56,99,9.17
92,Mayo,US,2020-10-19 18:59:37,38.89,-76.51,70.0,68,75,10.29
93,Padang,ID,2020-10-19 19:01:21,-0.95,100.35,78.4,71,1,3.76
94,Saint-Francois,FR,2020-10-19 19:01:14,46.42,3.91,50.0,87,85,4.7
95,Vagur,FO,2020-10-19 19:01:22,61.47,-6.81,46.42,72,99,34.02
96,Bredasdorp,ZA,2020-10-19 19:01:22,-34.53,20.04,59.0,62,100,16.11
97,Bathsheba,BB,2020-10-19 19:01:22,13.22,-59.52,87.8,66,20,9.17
98,East London,ZA,2020-10-19 19:01:22,-33.02,27.91,66.2,82,16,9.17
99,Iqaluit,CA,2020-10-19 19:01:15,63.75,-68.51,33.01,74,100,4.0
100,Yellowknife,CA,2020-10-19 19:00:02,62.46,-114.35,27.0,92,88,3.0
101,Ahipara,NZ,2020-10-19 19:01:22,-35.17,173.17,58.98,85,100,8.57
102,Homer,US,2020-10-19 19:00:20,59.64,-151.55,39.0,74,90,3.36
103,Kailua,US,2020-10-19 18:59:25,21.4,-157.74,80.6,78,40,3.36
104,Hobart,AU,2020-10-19 19:00:04,-42.88,147.33,44.6,87,44,9.17
105,Manzhouli,CN,2020-10-19 19:01:23,49.6,117.43,37.51,75,100,5.53
106,Thompson,CA,2020-10-19 19:01:23,55.74,-97.86,30.51,90,98,8.41
107,Tomakomai,JP,2020-10-19 19:01:23,42.64,141.6,45.0,93,20,1.12
108,Olafsvik,IS,2020-10-19 19:01:06,64.89,-23.71,40.05,72,100,11.61
109,Victoria,HK,2020-10-19 18:58:06,22.29,114.16,73.99,74,50,1.01
110,Talnakh,RU,2020-10-19 19:01:24,69.49,88.4,14.0,92,90,8.95
111,Mizdah,LY,2020-10-19 19:01:24,31.45,12.98,60.82,65,0,9.66
112,Namibe,AO,2020-10-19 19:01:24,-15.2,12.15,68.95,77,46,5.37
113,Dikson,RU,2020-10-19 19:01:24,73.51,80.55,23.76,95,99,17.69
114,Necochea,AR,2020-10-19 19:01:24,-38.55,-58.74,59.0,65,0,8.99
115,Kipushi,CD,2020-10-19 19:01:24,-11.77,27.23,68.07,38,0,1.66
116,Hermanus,ZA,2020-10-19 19:01:24,-34.42,19.23,57.0,72,100,1.99
117,Sarkand,KZ,2020-10-19 19:01:25,45.41,79.92,50.99,37,68,4.52
118,Beringovskiy,RU,2020-10-19 19:01:25,63.05,179.32,37.0,81,72,11.56
119,Bengkulu,ID,2020-10-19 19:01:14,-3.8,102.27,76.21,87,100,3.71
120,Bethel,US,2020-10-19 18:59:06,41.37,-73.41,62.01,72,90,8.05
121,Galapagar,ES,2020-10-19 19:01:25,40.58,-4.0,66.99,41,100,6.22
122,Tuatapere,NZ,2020-10-19 19:01:25,-46.13,167.68,50.0,69,58,17.0
123,Bluff,NZ,2020-10-19 19:01:26,-46.6,168.33,50.0,69,93,17.0
124,Saldanha,ZA,2020-10-19 19:01:16,-33.01,17.94,60.8,63,100,2.24
125,Brae,GB,2020-10-19 18:56:37,60.4,-1.35,46.4,87,75,35.57
126,Ambulu,ID,2020-10-19 19:01:26,-8.35,113.61,74.46,91,74,1.9
127,Cape Town,ZA,2020-10-19 18:58:21,-33.93,18.42,61.0,67,20,9.17
128,Bonthe,SL,2020-10-19 19:01:26,7.53,-12.51,79.74,85,100,5.82
129,Sidoarjo,ID,2020-10-19 18:57:25,-7.45,112.72,79.16,72,96,0.92
130,Sao Joao Da Barra,BR,2020-10-19 19:01:27,-21.64,-41.05,75.2,73,75,16.11
131,Burnie,AU,2020-10-19 19:01:27,-41.07,145.92,48.99,81,34,1.99
132,Atuona,PF,2020-10-19 19:01:27,-9.8,-139.03,78.62,72,0,18.95
133,Kirksville,US,2020-10-19 18:56:44,40.19,-92.58,39.2,60,90,11.41
134,Los Llanos De Aridane,ES,2020-10-19 19:01:27,28.66,-17.92,82.4,54,20,14.99
135,Mayumba,GA,2020-10-19 18:56:52,-3.43,10.66,77.49,87,99,9.08
136,Kaniama,CD,2020-10-19 19:01:28,-7.57,24.18,69.21,88,75,1.63
137,Vardo,NO,2020-10-19 19:00:52,70.37,31.11,39.2,80,75,23.04
138,Sur,OM,2020-10-19 18:57:20,22.57,59.53,80.74,30,0,7.4
139,Escarcega,MX,2020-10-19 19:00:18,18.61,-90.75,87.78,56,74,3.69
140,Paripiranga,BR,2020-10-19 19:01:28,-10.69,-37.86,83.08,48,100,16.75
141,Hofn,IS,2020-10-19 19:01:28,64.25,-15.21,37.4,69,20,11.41
142,Bandrele,YT,2020-10-19 19:01:29,-12.91,45.19,78.8,78,0,5.82
143,Ashland,US,2020-10-19 19:01:29,40.82,-82.27,51.8,93,90,6.93
144,Naze,JP,2020-10-19 19:01:29,28.37,129.48,75.2,88,75,14.99
145,Saint Simons,US,2020-10-19 19:01:29,31.14,-81.39,77.0,65,90,12.75
146,Muros,ES,2020-10-19 18:59:52,42.78,-9.06,63.0,87,100,7.0
147,Hobyo,SO,2020-10-19 19:01:29,5.35,48.53,80.37,78,5,17.27
148,Shimanovsk,RU,2020-10-19 19:01:29,52.0,127.7,31.05,91,100,10.36
149,Masuguru,TZ,2020-10-19 19:01:30,-11.37,38.42,83.32,52,0,10.11
150,Tsevie,TG,2020-10-19 19:01:30,6.43,1.21,80.6,83,20,10.29
151,Progreso,MX,2020-10-19 19:01:30,21.28,-89.67,89.01,58,75,4.7
152,Thinadhoo,MV,2020-10-19 18:56:54,0.53,72.93,82.49,78,100,11.07
153,Lushnje,AL,2020-10-19 19:01:30,40.94,19.7,51.8,87,59,2.24
154,Cameta,BR,2020-10-19 19:01:30,-2.24,-49.5,90.72,51,100,7.72
155,Shakhovskaya,RU,2020-10-19 19:01:31,56.03,35.51,34.23,89,0,13.78
156,Tazovskiy,RU,2020-10-19 18:56:47,67.47,78.7,17.47,97,1,7.61
157,Nelson Bay,AU,2020-10-19 19:01:31,-32.72,152.15,60.01,100,90,4.7
158,Vilhena,BR,2020-10-19 18:57:25,-12.74,-60.15,81.09,61,98,6.4
159,Port Elizabeth,ZA,2020-10-19 19:01:31,-33.92,25.57,60.8,93,20,10.29
160,Georgetown,MY,2020-10-19 18:58:26,5.41,100.34,82.4,88,20,3.13
161,Comodoro Rivadavia,AR,2020-10-19 19:01:31,-45.87,-67.5,57.2,28,40,26.4
162,Hay River,CA,2020-10-19 19:01:32,60.82,-115.8,26.33,87,0,6.04
163,Vanavara,RU,2020-10-19 19:01:32,60.34,102.28,25.0,96,100,13.69
164,Vanimo,PG,2020-10-19 19:01:32,-2.67,141.3,77.14,85,6,2.95
165,Baykit,RU,2020-10-19 19:01:32,61.67,96.37,24.96,93,100,10.58
166,Vao,NC,2020-10-19 19:01:32,-22.67,167.48,72.75,77,94,18.34
167,Rosarito,MX,2020-10-19 19:01:32,32.33,-117.03,77.0,73,40,9.17
168,Lafia,NG,2020-10-19 19:01:32,8.48,8.52,78.76,81,93,2.82
169,Florianopolis,BR,2020-10-19 19:01:33,-27.61,-48.5,78.8,65,12,18.34
170,Bourg-Les-Valence,FR,2020-10-19 19:01:33,44.96,4.91,59.0,72,100,17.22
171,Ust-Kuyga,RU,2020-10-19 19:01:33,70.02,135.6,11.55,95,100,7.63
172,Svetlyy,RU,2020-10-19 19:01:33,54.67,20.13,46.99,80,40,8.95
173,Poum,NC,2020-10-19 19:01:33,-20.23,164.02,73.45,71,0,8.68
174,Mount Isa,AU,2020-10-19 19:00:21,-20.73,139.5,77.0,19,0,5.82
175,Vilyuysk,RU,2020-10-19 19:00:01,63.76,121.62,19.26,98,100,4.07
176,Arman,RU,2020-10-19 19:01:34,59.7,150.17,29.21,93,100,4.61
177,Macomb,US,2020-10-19 19:00:04,40.46,-90.67,46.0,78,90,12.75
178,Chegdomyn,RU,2020-10-19 19:01:34,51.12,133.02,22.24,85,0,1.97
179,Otane,NZ,2020-10-19 19:01:34,-39.88,176.63,55.0,85,100,11.99
180,Rabo De Peixe,PT,2020-10-19 19:01:34,37.8,-25.58,59.0,87,40,23.04
181,Lilongwe,MW,2020-10-19 19:01:35,-13.97,33.79,75.92,38,0,7.76
182,Wanaka,NZ,2020-10-19 18:59:30,-44.7,169.15,48.0,75,5,5.01
183,Mandalgovi,MN,2020-10-19 19:01:35,45.76,106.27,36.66,65,100,5.37
184,Saint-Pierre,RE,2020-10-19 19:01:35,-21.34,55.48,71.6,78,0,5.82
185,Evensk,RU,2020-10-19 19:01:35,61.95,159.23,37.62,84,81,14.27
186,Santa Cruz,BO,2020-10-19 18:59:05,-17.8,-63.17,96.8,41,40,23.04
187,Ponta Do Sol,PT,2020-10-19 19:01:36,32.67,-17.1,71.6,73,20,4.7
188,Chicama,PE,2020-10-19 19:01:36,-7.84,-79.15,64.4,82,20,11.41
189,Ulundi,ZA,2020-10-19 19:01:36,-28.34,31.42,71.58,77,12,1.34
190,Mahebourg,MU,2020-10-19 19:01:36,-20.41,57.7,75.2,69,40,11.41
191,Nome,US,2020-10-19 19:01:36,64.5,-165.41,37.4,93,90,4.7
192,Mogadishu,SO,2020-10-19 19:01:37,2.04,45.34,79.3,84,0,12.44
193,Katsuura,JP,2020-10-19 19:01:37,35.13,140.3,57.2,82,100,10.29
194,Hashtrud,IR,2020-10-19 19:01:37,37.48,47.05,54.37,37,0,0.65
195,Porto Novo,BJ,2020-10-19 19:01:37,6.5,2.6,80.6,88,40,12.75
196,Samarai,PG,2020-10-19 19:01:37,-10.62,150.67,79.21,87,10,8.7
197,Tura,IN,2020-10-19 19:01:37,25.52,90.22,72.3,89,0,2.48
198,Saint-Philippe,RE,2020-10-19 19:01:37,-21.36,55.77,71.6,78,28,5.82
199,Pacific Grove,US,2020-10-19 19:01:38,36.62,-121.92,64.4,68,1,3.6
200,Sovetskaya Gavan,RU,2020-10-19 19:01:38,48.97,140.29,30.81,85,0,7.61
201,Plyussa,RU,2020-10-19 19:01:38,58.43,29.37,35.24,86,100,7.56
202,Dingle,PH,2020-10-19 18:59:42,11.0,122.67,77.02,89,100,1.32
203,Gaoual,GN,2020-10-19 19:01:38,11.75,-13.2,82.36,65,45,1.36
204,Itoman,JP,2020-10-19 19:01:38,26.12,127.67,78.8,78,20,12.75
205,Taltal,CL,2020-10-19 18:56:49,-25.4,-70.48,65.26,57,22,8.48
206,Vostok,RU,2020-10-19 19:01:26,46.49,135.88,27.01,98,0,2.08
207,Chuy,UY,2020-10-19 19:01:39,-33.7,-53.46,80.69,54,0,5.44
208,Kedrovyy,RU,2020-10-19 19:01:39,56.17,91.82,32.0,93,100,11.18
209,Asau,RO,2020-10-19 19:00:16,46.43,26.4,45.0,81,0,2.24
210,Syamzha,RU,2020-10-19 19:01:39,60.02,41.06,29.75,99,62,5.08
211,Bambous Virieux,MU,2020-10-19 19:01:39,-20.34,57.76,75.2,69,40,11.41
212,Shingu,JP,2020-10-19 19:01:39,33.73,135.98,54.55,75,100,5.64
213,Nisia Floresta,BR,2020-10-19 19:01:40,-6.09,-35.21,84.2,66,40,17.22
214,Severnyy,RU,2020-10-19 19:01:40,50.68,36.55,42.8,93,0,8.95
215,Aden,YE,2020-10-19 19:01:40,12.78,45.04,84.13,58,0,1.86
216,Port Hardy,CA,2020-10-19 19:01:40,50.7,-127.42,52.65,80,96,13.85
217,Mao,ES,2020-10-19 19:00:40,39.89,4.27,62.6,67,20,8.05
218,Kahului,US,2020-10-19 18:59:32,20.89,-156.47,80.6,65,20,6.46
219,Aykhal,RU,2020-10-19 19:01:40,66.0,111.5,14.0,92,90,4.47
220,Kaitangata,NZ,2020-10-19 19:01:12,-46.28,169.85,48.99,78,83,12.35
221,Lasa,IT,2020-10-19 19:01:41,46.62,10.7,42.01,86,5,2.26
222,Aswan,EG,2020-10-19 19:01:41,24.09,32.91,86.14,19,0,12.8
223,Haines Junction,CA,2020-10-19 19:01:41,60.75,-137.51,26.82,76,100,0.49
224,Pyinmana,MM,2020-10-19 19:01:41,19.73,96.22,71.44,91,82,3.11
225,Hare Bay,CA,2020-10-19 19:01:41,48.85,-54.01,56.66,85,100,6.96
226,Crib Point,AU,2020-10-19 19:01:42,-38.35,145.2,43.0,95,10,3.47
227,Saqqez,IR,2020-10-19 19:01:42,36.25,46.27,46.27,52,0,2.91
228,Palauig,PH,2020-10-19 19:01:42,15.44,119.9,80.83,75,100,3.36
229,Minab,IR,2020-10-19 19:01:42,27.15,57.08,69.8,64,0,6.93
230,Cherskiy,RU,2020-10-19 18:59:59,68.75,161.3,17.83,95,0,3.8
231,Grindavik,IS,2020-10-19 19:00:06,63.84,-22.43,37.4,74,100,6.93
232,Limbang,MY,2020-10-19 19:01:42,4.75,115.0,77.0,88,75,2.24
233,Chokurdakh,RU,2020-10-19 19:00:59,70.63,147.92,16.16,98,92,6.51
234,Hudiksvall,SE,2020-10-19 19:01:43,61.73,17.1,33.19,91,90,7.11
235,Ucluelet,CA,2020-10-19 19:01:43,48.93,-125.55,57.0,84,88,5.01
236,Chapais,CA,2020-10-19 19:01:43,49.78,-74.85,36.21,80,78,4.36
237,Seaside,US,2020-10-19 19:01:43,36.61,-121.85,64.4,68,1,4.07
238,Pisco,PE,2020-10-19 19:01:43,-13.7,-76.22,71.6,60,0,14.99
239,Sao Jose Da Coroa Grande,BR,2020-10-19 19:01:43,-8.9,-35.15,78.78,71,99,12.1
240,San Juan,AR,2020-10-19 18:59:17,-31.54,-68.54,83.19,14,0,21.81
241,Sitka,US,2020-10-19 19:01:08,57.05,-135.33,44.6,70,40,5.82
242,Coruripe,BR,2020-10-19 19:01:44,-10.13,-36.18,79.56,69,46,14.14
243,Greensburg,US,2020-10-19 19:01:44,40.3,-79.54,55.99,100,90,3.94
244,Ancud,CL,2020-10-19 19:01:44,-41.87,-73.82,57.0,61,75,6.93
245,Calabozo,VE,2020-10-19 19:01:44,8.92,-67.43,87.8,66,21,2.44
246,Steamboat Springs,US,2020-10-19 19:00:50,40.48,-106.83,61.0,26,1,10.29
247,Uusikaupunki,FI,2020-10-19 19:01:44,60.8,21.41,33.8,79,75,5.82
248,Kamaishi,JP,2020-10-19 19:01:45,39.27,141.88,54.09,65,3,5.66
249,Batticaloa,LK,2020-10-19 19:01:45,7.71,81.69,80.06,76,4,2.53
250,Resistencia,AR,2020-10-19 19:01:45,-27.46,-58.98,102.99,24,0,10.29
251,Vila Velha,BR,2020-10-19 19:01:45,-20.33,-40.29,75.2,78,75,5.82
252,Aktau,KZ,2020-10-19 19:01:03,43.65,51.2,60.8,87,75,6.71
253,Kamenka,RU,2020-10-19 19:01:45,51.32,42.77,45.07,69,98,7.38
254,Obo,CF,2020-10-19 19:01:45,5.4,26.49,70.92,88,98,3.85
255,Waterford,US,2020-10-19 19:01:46,42.7,-83.4,46.4,65,90,2.66
256,Algeciras,ES,2020-10-19 19:01:46,36.13,-5.45,64.4,82,100,12.75
257,Havre-Saint-Pierre,CA,2020-10-19 18:59:54,50.23,-63.6,45.9,77,100,7.49
258,Airai,TL,2020-10-19 19:01:46,-8.93,125.41,60.39,63,0,1.88
259,Jibuti,DJ,2020-10-19 19:01:46,11.5,42.5,87.8,52,1,3.36
260,Umm Lajj,SA,2020-10-19 19:01:46,25.02,37.27,83.01,46,0,4.76
261,Komsomolskiy,UZ,2020-10-19 19:01:46,40.43,71.72,53.6,54,0,2.24
262,Kichmengskiy Gorodok,RU,2020-10-19 19:01:47,59.98,45.79,33.58,92,97,6.08
263,Nanortalik,GL,2020-10-19 19:01:47,60.14,-45.24,37.72,89,89,9.4
264,Vestmannaeyjar,IS,2020-10-19 19:01:47,63.44,-20.27,41.0,80,90,6.93
265,Viedma,AR,2020-10-19 19:00:27,-40.81,-63.0,69.01,23,0,4.0
266,Yanam,IN,2020-10-19 19:01:47,16.73,82.22,77.67,92,100,5.55
267,Catuday,PH,2020-10-19 19:01:48,16.29,119.81,80.58,82,100,7.92
268,Husavik,IS,2020-10-19 18:57:08,66.04,-17.34,37.4,74,75,3.36
269,Buala,SB,2020-10-19 19:00:19,-8.14,159.59,80.58,80,16,4.63
270,Alugan,PH,2020-10-19 19:01:48,12.22,125.48,77.04,89,100,6.17
271,Banff,CA,2020-10-19 19:01:48,51.18,-115.57,37.11,78,89,5.1
272,Pfarrkirchen,DE,2020-10-19 19:01:48,48.43,12.94,43.0,99,2,4.85
273,Arraial Do Cabo,BR,2020-10-19 19:01:48,-22.97,-42.03,77.0,69,40,16.11
274,Yelizavetino,RU,2020-10-19 19:01:49,59.49,29.79,37.4,89,90,8.95
275,Aqtobe,KZ,2020-10-19 19:01:49,50.28,57.21,41.0,38,26,6.71
276,Hithadhoo,MV,2020-10-19 19:01:49,-0.6,73.08,82.76,76,100,9.78
277,Ayaviri,PE,2020-10-19 19:01:49,-14.89,-70.59,60.12,32,83,5.86
278,Fukue,JP,2020-10-19 19:01:49,32.69,128.84,68.07,65,0,18.16
279,Port Augusta,AU,2020-10-19 19:01:49,-32.5,137.77,53.01,87,100,4.7
280,Norman Wells,CA,2020-10-19 19:01:50,65.28,-126.83,19.98,82,8,8.5
281,Hasaki,JP,2020-10-19 19:01:50,35.73,140.83,53.6,93,75,6.93
282,Bam,IR,2020-10-19 19:01:50,29.11,58.36,58.32,22,0,6.15
283,Nikolskoye,RU,2020-10-19 19:01:13,59.7,30.79,37.4,90,90,8.95
284,Nichinan,JP,2020-10-19 19:01:50,31.6,131.37,63.95,77,31,10.49
285,Orange Cove,US,2020-10-19 19:01:50,36.62,-119.31,82.99,29,0,4.14
286,Milkovo,RU,2020-10-19 19:01:51,54.72,158.62,33.13,91,100,6.58
287,Doha,QA,2020-10-19 19:00:01,25.29,51.53,86.0,48,0,8.05
288,Aitape,PG,2020-10-19 19:01:51,-3.14,142.35,77.38,84,58,4.81
289,Antalaha,MG,2020-10-19 19:01:51,-14.9,50.28,75.15,75,89,10.31
290,Rocha,UY,2020-10-19 18:59:35,-34.48,-54.33,84.42,61,53,2.28
291,Mbaiki,CF,2020-10-19 19:01:51,3.87,17.99,71.08,96,100,0.25
292,Seymchan,RU,2020-10-19 19:01:51,62.88,152.43,20.26,95,100,10.98
293,Kishtwar,IN,2020-10-19 19:01:52,33.32,75.77,50.97,41,0,3.4
294,Inuvik,CA,2020-10-19 19:01:14,68.35,-133.72,16.54,96,100,9.71
295,Cabo Rojo,PR,2020-10-19 19:01:52,18.09,-67.15,88.0,72,100,4.0
296,Athabasca,CA,2020-10-19 19:00:04,54.72,-113.29,26.47,79,100,11.01
297,Souillac,MU,2020-10-19 19:01:52,-20.52,57.52,75.2,69,40,11.41
298,Govindgarh,IN,2020-10-19 19:01:52,27.5,76.98,78.48,18,0,3.4
299,Kholmogory,RU,2020-10-19 19:01:53,64.22,41.66,30.2,92,90,6.71
300,Tomigusuku,JP,2020-10-19 19:01:53,26.18,127.67,78.8,78,20,12.75
301,Ngunguru,NZ,2020-10-19 19:01:53,-35.62,174.5,55.0,96,100,1.99
302,Dedovichi,RU,2020-10-19 19:01:53,57.55,29.95,36.16,87,96,11.16
303,Sindor,RU,2020-10-19 19:01:53,62.86,51.89,31.8,99,100,7.09
304,Hamilton,US,2020-10-19 18:57:44,39.18,-84.53,59.0,87,90,5.82
305,Gabu,GW,2020-10-19 19:01:54,12.28,-14.22,83.44,62,0,2.93
306,Adrar,MR,2020-10-19 19:00:10,20.5,-10.07,89.53,14,0,10.71
307,San Policarpo,PH,2020-10-19 19:00:07,12.18,125.51,77.68,87,100,6.98
308,Kaoma,ZM,2020-10-19 19:01:54,-14.78,24.8,71.02,21,0,3.18
309,Soufriere,LC,2020-10-19 19:01:54,13.86,-61.06,87.8,62,20,11.41
310,Chokwe,MZ,2020-10-19 19:01:55,-24.53,32.98,83.26,37,0,8.37
311,Fairbanks,US,2020-10-19 19:01:55,64.84,-147.72,17.6,85,90,2.24
312,Llanera,ES,2020-10-19 19:01:55,43.46,-5.93,71.01,77,20,4.7
313,Havelock,US,2020-10-19 19:00:04,34.88,-76.9,78.01,61,75,10.29
314,Ilulissat,GL,2020-10-19 19:01:12,69.22,-51.1,41.0,56,75,13.87
315,Kimbe,PG,2020-10-19 18:59:35,-5.55,150.14,76.26,86,51,1.41
316,Santo Domingo,DO,2020-10-19 18:59:16,18.5,-69.99,90.0,62,40,5.82
317,Pringsewu,ID,2020-10-19 19:01:56,-5.36,104.97,74.14,92,60,1.21
318,Lompoc,US,2020-10-19 18:57:28,34.64,-120.46,62.6,87,90,3.36
319,Port Lincoln,AU,2020-10-19 19:01:56,-34.73,135.87,54.81,85,100,10.36
320,Chanika,TZ,2020-10-19 19:01:56,-5.42,38.02,69.19,91,62,8.05
321,Huarmey,PE,2020-10-19 19:01:56,-10.07,-78.15,70.23,64,97,11.34
322,Bom Jardim,BR,2020-10-19 19:01:57,-7.8,-35.59,81.23,56,76,15.1
323,Santa Cruz Cabralia,BR,2020-10-19 19:01:57,-16.28,-39.02,78.8,65,75,8.05
324,Klaksvik,FO,2020-10-19 19:01:57,62.23,-6.59,41.0,86,2,6.93
325,Srednekolymsk,RU,2020-10-19 19:01:57,67.45,153.68,15.33,96,48,1.5
326,Ilave,PE,2020-10-19 19:01:57,-16.08,-69.67,56.59,39,25,9.13
327,Kununurra,AU,2020-10-19 19:01:57,-15.77,128.73,80.6,94,86,5.82
328,Mamallapuram,IN,2020-10-19 18:57:10,12.63,80.17,82.4,88,75,3.36
329,Polyarnyy,RU,2020-10-19 18:57:05,69.2,33.45,30.2,92,75,4.47
330,Krasne,UA,2020-10-19 19:01:58,49.91,24.61,44.6,87,40,4.47
331,Cabinda,AO,2020-10-19 19:01:58,-5.55,12.2,77.2,84,1,8.23
332,Kutum,SD,2020-10-19 19:00:43,14.2,24.67,80.01,16,62,11.72
333,Bahia De Caraquez,EC,2020-10-19 19:01:58,-0.6,-80.42,86.0,55,100,16.11
334,Provideniya,RU,2020-10-19 19:01:58,64.38,-173.3,32.09,89,30,4.45
335,Santa Rita,BR,2020-10-19 19:01:58,-7.11,-34.98,86.0,58,40,14.99
336,Baihar,IN,2020-10-19 19:01:59,22.1,80.55,69.39,78,98,1.9
337,Morgan City,US,2020-10-19 19:01:59,29.7,-91.21,84.0,69,75,8.05
338,Cairns,AU,2020-10-19 18:59:03,-16.92,145.77,68.0,94,59,2.93
339,Korla,CN,2020-10-19 19:01:59,41.76,86.15,48.0,75,0,1.01
340,Alampur,IN,2020-10-19 19:01:59,15.88,78.15,77.83,84,100,2.39
341,Lorengau,PG,2020-10-19 19:00:40,-2.02,147.27,80.17,73,92,1.5
342,Khorixas,NA,2020-10-19 19:01:59,-20.37,14.97,71.74,25,0,10.16
343,Carnarvon,AU,2020-10-19 18:59:43,-24.87,113.63,68.0,77,90,12.75
344,Denpasar,ID,2020-10-19 19:02:00,-8.65,115.22,78.8,88,40,8.05
345,Esperance,AU,2020-10-19 18:58:46,-33.87,121.9,57.2,100,75,14.99
346,Maria La Baja,CO,2020-10-19 19:02:00,9.98,-75.3,86.0,74,40,10.29
347,Sarangani,PH,2020-10-19 19:02:00,5.4,125.46,81.46,80,100,12.93
348,San Luis,AR,2020-10-19 18:59:02,-33.3,-66.34,67.37,29,25,26.84
349,Cortez,US,2020-10-19 19:02:00,37.35,-108.59,72.0,19,1,4.7
350,Tiznit,MA,2020-10-19 19:01:23,29.58,-9.5,73.8,31,0,2.51
351,Storforshei,NO,2020-10-19 19:02:01,66.4,14.52,32.0,92,40,2.24
352,Jalu,LY,2020-10-19 19:02:01,29.03,21.55,78.08,39,92,6.8
353,Petropavlovsk-Kamchatskiy,RU,2020-10-19 19:02:01,53.05,158.65,37.4,86,100,2.24
354,Iquique,CL,2020-10-19 18:59:24,-20.22,-70.14,66.2,68,90,14.99
355,Mehamn,NO,2020-10-19 19:02:01,71.04,27.85,37.4,82,75,9.17
356,Kisangani,CD,2020-10-19 19:02:01,0.52,25.2,72.59,92,94,2.15
357,Nowy Sacz,PL,2020-10-19 19:02:02,49.62,20.7,46.0,85,86,3.36
358,Atar,MR,2020-10-19 19:02:02,20.52,-13.05,91.9,19,0,10.94
359,Bawku,GH,2020-10-19 19:02:02,11.06,-0.24,86.4,47,10,4.68
360,Margate,GB,2020-10-19 19:02:02,51.38,1.39,55.0,67,100,8.01
361,Isangel,VU,2020-10-19 18:59:38,-19.55,169.27,71.6,94,75,12.5
362,Shubarkuduk,KZ,2020-10-19 19:02:02,49.14,56.49,55.83,35,0,11.99
363,Wilmington,US,2020-10-19 19:02:03,34.23,-77.94,80.6,44,1,10.29
364,Moose Factory,CA,2020-10-19 19:02:03,51.26,-80.61,38.55,76,100,6.93
365,Marzuq,YE,2020-10-19 19:02:03,14.4,46.47,70.32,23,0,5.91
366,The Valley,AI,2020-10-19 19:02:03,18.22,-63.06,86.0,74,20,9.17
367,Torbay,CA,2020-10-19 19:02:03,47.67,-52.73,57.0,79,93,1.01
368,Alofi,NU,2020-10-19 19:01:50,-19.06,-169.92,73.4,83,75,11.41
369,Bageshwar,IN,2020-10-19 19:02:04,29.85,79.77,62.13,57,0,1.86
370,Hokitika,NZ,2020-10-19 19:02:04,-42.72,170.97,50.61,85,100,2.33
371,Cabo San Lucas,MX,2020-10-19 19:00:41,22.89,-109.91,91.99,70,5,8.05
372,Tailai,CN,2020-10-19 19:02:04,46.38,123.4,45.45,56,68,8.7
373,Salalah,OM,2020-10-19 19:02:04,17.02,54.09,84.2,51,75,3.36
374,Moron,AR,2020-10-19 19:02:04,-34.65,-58.62,77.0,61,90,11.41
375,Qasigiannguit,GL,2020-10-19 19:02:04,68.82,-51.19,41.0,56,75,13.87
376,Port Macquarie,AU,2020-10-19 19:01:58,-31.43,152.92,57.99,96,92,3.0
377,Reo,BF,2020-10-19 19:02:05,12.32,-2.47,89.46,35,80,2.44
378,Berlevag,NO,2020-10-19 19:02:05,70.86,29.09,37.4,77,75,10.29
379,Ayacucho,PE,2020-10-19 19:02:05,-13.16,-74.22,77.0,6,20,5.82
380,Manzil Salim,TN,2020-10-19 19:02:05,35.86,8.48,62.6,40,0,4.7
381,Khasan,RU,2020-10-19 19:02:05,42.43,130.64,50.41,58,0,4.61
382,Cockburn Town,TC,2020-10-19 19:02:06,21.46,-71.14,82.47,70,100,10.69
383,Pitimbu,BR,2020-10-19 19:02:06,-7.47,-34.81,86.0,58,40,14.99
384,Tiarei,PF,2020-10-19 19:02:06,-17.53,-149.33,80.6,78,40,14.99
385,Aksarka,RU,2020-10-19 19:02:06,66.56,67.8,14.68,95,0,3.71
386,Huangpi,CN,2020-10-19 19:02:06,30.88,114.38,55.4,87,0,4.47
387,Pasni,PK,2020-10-19 19:02:07,25.26,63.47,79.72,27,0,14.03
388,Latung,PH,2020-10-19 19:02:07,5.5,120.88,81.77,83,100,20.07
389,Tanda,IN,2020-10-19 19:02:07,26.55,82.65,75.4,51,70,2.1
390,Baruun-Urt,MN,2020-10-19 19:02:07,46.68,113.28,44.47,48,100,15.86
391,Tateyama,JP,2020-10-19 19:02:07,34.98,139.87,57.2,82,100,10.29
392,Tirumullaivasal,IN,2020-10-19 19:02:07,11.23,79.83,80.1,81,17,5.59
393,Belaya Gora,RU,2020-10-19 19:02:07,68.53,146.42,11.7,94,88,3.85
394,Fredericksburg,US,2020-10-19 19:02:08,38.3,-77.46,71.6,68,75,6.93
395,Porbandar,IN,2020-10-19 19:02:08,21.64,69.61,84.04,76,82,6.58
396,Meulaboh,ID,2020-10-19 19:02:08,4.14,96.13,77.0,85,100,4.47
397,Atambua,ID,2020-10-19 19:02:08,-9.11,124.89,72.9,77,0,1.66
398,Zyryanovsk,KZ,2020-10-19 19:02:09,49.74,84.27,31.1,86,98,1.74
399,Leshukonskoye,RU,2020-10-19 19:02:09,64.9,45.76,30.15,99,100,7.25
400,Bandarbeyla,SO,2020-10-19 19:02:09,9.49,50.81,78.73,77,0,1.16
401,Straumen,NO,2020-10-19 19:02:09,63.87,11.3,37.0,78,75,1.86
402,Omboue,GA,2020-10-19 19:02:09,-1.57,9.26,77.7,86,100,8.12
403,Sesori,SV,2020-10-19 19:02:09,13.72,-88.37,91.4,59,20,2.24
404,Plettenberg Bay,ZA,2020-10-19 19:02:09,-34.05,23.37,60.58,80,100,8.46
405,Petropavlivka,UA,2020-10-19 19:02:10,48.46,36.44,47.84,66,0,6.8
406,Bell Ville,AR,2020-10-19 19:02:10,-32.63,-62.69,74.17,61,73,18.79
407,Svetlogorsk,BY,2020-10-19 19:02:10,52.63,29.73,39.47,75,1,9.24
408,Russell,US,2020-10-19 19:00:04,32.35,-85.2,80.6,51,1,5.82
409,Gerash,IR,2020-10-19 19:02:10,27.67,54.14,68.0,16,0,3.44
410,Biloela,AU,2020-10-19 19:00:08,-24.42,150.5,61.12,68,0,6.24
411,Krieglach,AT,2020-10-19 19:02:11,47.53,15.55,46.99,96,41,1.74
412,Bang Saphan,TH,2020-10-19 19:02:11,11.21,99.51,74.89,92,1,3.4
413,Eureka,US,2020-10-19 19:00:21,40.8,-124.16,55.99,100,90,10.29
414,Varhaug,NO,2020-10-19 19:02:11,58.61,5.65,43.0,95,100,4.0
415,Trinidad,BO,2020-10-19 19:02:11,-14.83,-64.9,91.4,55,40,9.17
416,Xining,CN,2020-10-19 19:02:11,36.62,101.77,35.85,73,13,1.48
417,Bulri,PK,2020-10-19 19:02:11,24.87,68.33,84.99,58,0,9.8
418,Kota Kinabalu,MY,2020-10-19 19:02:12,5.97,116.07,75.2,94,20,2.24
419,Roebourne,AU,2020-10-19 19:02:12,-20.78,117.13,66.27,83,0,9.28
420,Carbonia,IT,2020-10-19 19:02:12,39.17,8.52,64.4,88,20,5.82
421,Khuzdar,PK,2020-10-19 19:02:12,27.74,66.64,60.17,23,0,6.46
422,Liyang,CN,2020-10-19 19:02:12,29.71,118.29,51.89,90,0,2.06
423,Jiran,IN,2020-10-19 19:02:12,24.32,74.88,77.63,78,66,1.19
424,Touros,BR,2020-10-19 19:02:12,-5.2,-35.46,84.2,66,40,17.22
425,Port Hedland,AU,2020-10-19 19:02:12,-20.32,118.57,71.6,88,0,10.29
426,Nusaybin,TR,2020-10-19 19:02:13,37.08,41.22,67.51,25,0,4.25
427,Andros Town,BS,2020-10-19 19:02:13,24.7,-77.77,78.8,83,75,8.05
428,Kendari,ID,2020-10-19 19:02:13,-3.94,122.5,73.94,90,76,3.58
429,Bolshaya Glushitsa,RU,2020-10-19 19:02:13,50.24,43.59,47.97,53,100,3.62
430,Zemio,CF,2020-10-19 19:02:13,5.03,25.14,72.03,91,99,2.13
431,Kawambwa,ZM,2020-10-19 19:02:13,-9.79,29.08,76.95,37,100,2.93
432,Nara,JP,2020-10-19 18:57:36,34.69,135.8,54.0,98,98,1.5
433,Broken Hill,AU,2020-10-19 19:02:14,-31.95,141.43,53.6,54,61,8.05
434,Innisfail,AU,2020-10-19 19:02:14,-17.53,146.03,68.09,88,0,3.04
435,Shishou,CN,2020-10-19 19:02:14,29.72,112.42,57.56,66,77,5.59
436,Sao Gabriel,BR,2020-10-19 19:02:14,-30.34,-54.32,88.45,41,0,2.37
437,Strezhevoy,RU,2020-10-19 19:02:14,60.73,77.59,32.0,99,90,4.47
438,Causapscal,CA,2020-10-19 19:02:14,48.35,-67.23,48.2,75,100,6.04
439,Nangong,CN,2020-10-19 19:02:14,37.36,115.37,54.91,42,36,9.86
440,Broadstairs,GB,2020-10-19 19:01:00,51.36,1.44,55.0,67,100,7.0
441,Kelo,TD,2020-10-19 19:02:15,9.31,15.81,80.06,45,6,2.93
442,Kathmandu,NP,2020-10-19 18:57:34,27.72,85.32,66.2,88,20,2.15
443,Ihosy,MG,2020-10-19 19:02:15,-22.4,46.12,67.86,77,18,6.22
444,Salinopolis,BR,2020-10-19 19:02:15,-0.61,-47.36,84.88,66,58,12.3
445,Vila Franca Do Campo,PT,2020-10-19 19:02:15,37.72,-25.43,59.0,87,40,23.04
446,Huilong,CN,2020-10-19 19:02:16,31.81,121.66,62.01,84,0,7.83
447,Visnes,NO,2020-10-19 19:02:16,59.36,5.22,41.0,93,75,18.34
448,Ampanihy,MG,2020-10-19 19:02:16,-24.7,44.75,70.02,63,0,4.63
449,Taitung,TW,2020-10-19 19:02:16,22.76,121.14,75.45,72,25,15.68
450,Juba,SS,2020-10-19 19:02:16,4.85,31.58,76.6,70,0,2.82
451,New Haven,US,2020-10-19 19:02:16,41.4,-72.93,64.99,67,90,3.36
452,Karasjok,NO,2020-10-19 19:02:17,69.47,25.51,33.8,96,75,12.75
453,Natal,BR,2020-10-19 18:58:53,-5.79,-35.21,84.2,66,40,17.22
454,Truth Or Consequences,US,2020-10-19 19:02:17,33.13,-107.25,84.0,13,1,5.82
455,Ciego De Avila,CU,2020-10-19 19:02:17,21.84,-78.76,81.23,73,98,8.37
456,Zhigansk,RU,2020-10-19 19:02:17,66.77,123.37,13.35,95,100,7.58
457,Salaverry,PE,2020-10-19 19:02:17,-8.23,-78.97,64.4,82,20,11.41
458,Tabursuq,TN,2020-10-19 19:02:18,36.46,9.25,66.2,39,20,4.7
459,Balkhash,KZ,2020-10-19 19:02:18,46.84,74.98,43.92,50,0,12.73
460,Ribeira Grande,PT,2020-10-19 19:00:36,38.52,-28.7,64.4,63,75,20.8
461,Acarau,BR,2020-10-19 19:02:18,-2.89,-40.12,83.57,64,8,21.56
462,Codrington,AU,2020-10-19 18:59:53,-38.27,141.97,41.58,91,3,4.14
463,Coihaique,CL,2020-10-19 19:02:18,-45.58,-72.07,51.8,43,75,8.05
464,Camana,PE,2020-10-19 19:02:18,-16.62,-72.71,67.41,63,32,8.93
465,Rosetown,CA,2020-10-19 19:02:18,51.55,-108.0,26.01,49,93,8.01
466,Coquimbo,CL,2020-10-19 19:00:53,-29.95,-71.34,60.8,67,0,14.99
467,Verkhnyaya Maksakovka,RU,2020-10-19 19:02:19,61.63,50.97,33.8,100,75,4.47
468,Paamiut,GL,2020-10-19 19:02:19,61.99,-49.67,40.28,82,100,14.94
469,Havoysund,NO,2020-10-19 19:02:19,71.0,24.66,33.8,100,75,8.05
470,Bud,US,2020-10-19 19:02:19,39.45,-86.18,52.0,93,90,6.93
471,Nurota,UZ,2020-10-19 19:02:19,40.56,65.69,53.6,46,0,4.7
472,Karabash,RU,2020-10-19 19:02:19,55.48,60.22,45.41,91,100,2.19
473,Dedza,MW,2020-10-19 19:02:19,-14.38,34.33,66.74,42,0,5.73
474,Wilmington Island,US,2020-10-19 19:01:03,32.0,-80.97,78.8,57,75,10.29
475,Lidkoping,SE,2020-10-19 19:02:20,58.51,13.16,33.8,69,100,2.24
476,Sorland,NO,2020-10-19 19:00:25,67.67,12.69,41.0,56,84,4.7
477,Smithers,CA,2020-10-19 18:58:57,54.78,-127.17,41.07,68,79,1.36
478,North Bend,US,2020-10-19 19:02:20,43.41,-124.22,62.6,77,75,9.17
479,Folldal,NO,2020-10-19 19:02:20,62.13,10.0,25.05,89,38,1.21
480,Leninskoye,KZ,2020-10-19 19:00:28,41.76,69.39,53.6,46,0,6.93
481,Beidao,CN,2020-10-19 19:02:20,34.57,105.89,52.09,64,100,4.52
482,Sao Felipe,BR,2020-10-19 19:02:20,-14.82,-41.38,84.61,46,100,11.39
483,Bilma,NE,2020-10-19 19:02:21,18.69,12.92,86.4,13,0,7.54
484,Sabha,LY,2020-10-19 19:02:21,27.04,14.43,76.3,50,0,19.42
485,Ballinrobe,IE,2020-10-19 19:02:21,53.63,-9.23,55.0,100,100,24.0
486,Veraval,IN,2020-10-19 19:02:22,20.9,70.37,82.69,80,40,6.89
487,Namatanai,PG,2020-10-19 19:02:22,-3.67,152.43,79.48,77,2,0.96
488,Nalut,LY,2020-10-19 19:02:22,30.33,10.85,64.76,31,0,13.51
489,Mwinilunga,ZM,2020-10-19 19:02:22,-11.74,24.43,67.86,34,0,1.7
490,Pangnirtung,CA,2020-10-19 19:02:22,66.15,-65.71,30.13,94,100,9.53
491,Ignacio De La Llave,MX,2020-10-19 19:02:23,18.72,-95.98,84.2,79,20,6.4
492,Dalbandin,PK,2020-10-19 19:02:23,28.89,64.41,57.36,26,0,4.7
493,Melton,AU,2020-10-19 19:02:23,-37.68,144.58,50.0,90,6,2.51
494,Yulara,AU,2020-10-19 19:02:23,-25.24,130.99,66.2,88,100,10.29
495,Fiumicino,IT,2020-10-19 19:02:24,41.77,12.23,59.0,77,0,1.12
496,Pemangkat,ID,2020-10-19 19:02:24,1.17,108.97,78.3,84,100,3.24
497,Tabory,RU,2020-10-19 19:02:24,58.52,64.55,38.61,91,0,7.47
498,Avera,US,2020-10-19 18:59:28,33.19,-82.53,77.0,50,1,6.93
499,Half Moon Bay,US,2020-10-19 19:02:24,37.46,-122.43,75.0,77,5,5.82
500,Ocos,GT,2020-10-19 19:02:25,14.51,-92.19,89.6,100,75,6.93
501,Fortuna,US,2020-10-19 19:02:25,40.6,-124.16,55.99,100,90,5.82
502,Erzurum,TR,2020-10-19 18:58:12,40.0,41.5,53.6,40,91,4.7
503,Sioux Lookout,CA,2020-10-19 18:59:20,50.1,-91.92,34.61,74,100,7.96
504,Grand Gaube,MU,2020-10-19 19:02:25,-20.01,57.66,73.99,69,35,5.01
505,Eydhafushi,MV,2020-10-19 19:02:25,5.1,73.07,81.9,78,34,11.25
506,San Jose,US,2020-10-19 18:59:51,37.34,-121.89,79.0,49,1,3.71
507,Damghan,IR,2020-10-19 19:02:26,36.17,54.35,57.22,30,0,2.04
508,Bayan,CN,2020-10-19 19:02:26,46.08,127.4,48.0,45,0,5.32
509,Tautira,PF,2020-10-19 19:01:55,-17.73,-149.15,80.6,78,40,14.99
510,Bambanglipuro,ID,2020-10-19 19:02:26,-7.95,110.28,75.99,89,98,3.87
511,Roald,NO,2020-10-19 19:02:26,62.58,6.13,39.2,80,0,8.05
512,Hervey Bay,AU,2020-10-19 19:01:38,-25.3,152.85,71.01,83,90,6.93
513,Palmer,US,2020-10-19 19:00:47,42.16,-72.33,64.0,59,75,5.82
514,Ranong,TH,2020-10-19 19:02:27,9.97,98.63,77.77,82,20,3.85
515,Ngawen,ID,2020-10-19 19:02:27,-7.0,111.31,74.19,90,100,4.81
516,Jijiang,CN,2020-10-19 19:02:27,29.29,106.25,60.01,94,100,5.7
517,Shagonar,RU,2020-10-19 19:02:27,51.53,92.8,30.25,83,100,1.61
518,Santa Lucia,ES,2020-10-19 19:02:28,27.91,-15.54,78.8,74,20,4.7
519,Nyagan,RU,2020-10-19 19:02:28,62.14,65.39,32.04,97,100,3.15
520,Auki,SB,2020-10-19 19:02:28,-8.77,160.7,77.9,85,6,2.75
521,Warmbad,NA,2020-10-19 19:02:28,-28.45,18.73,67.73,31,0,17.31
522,Segezha,RU,2020-10-19 19:02:28,63.74,34.32,32.34,96,100,7.9
523,Suleja,NG,2020-10-19 19:02:28,9.18,7.18,69.8,88,75,5.82
524,Ambon,ID,2020-10-19 19:01:54,-3.7,128.18,80.01,92,100,6.85
525,Kavaratti,IN,2020-10-19 19:02:29,10.57,72.64,80.94,75,100,11.1
526,Bara,NG,2020-10-19 19:02:29,10.37,10.73,82.49,45,7,4.25
527,Carauari,BR,2020-10-19 19:02:29,-4.88,-66.9,89.96,49,100,1.81
528,Galle,LK,2020-10-19 19:02:29,6.04,80.22,79.54,85,99,10.65
529,Kyra,RU,2020-10-19 19:02:29,49.58,111.98,33.66,86,100,6.29
530,Kolyvan,RU,2020-10-19 19:02:30,55.31,82.74,39.2,60,100,15.66
531,Madimba,TZ,2020-10-19 19:02:30,-10.4,40.33,75.2,88,20,6.13
532,Aborlan,PH,2020-10-19 19:02:30,9.44,118.55,78.8,88,90,4.7
533,Edson,CA,2020-10-19 19:02:30,53.58,-116.44,28.47,90,100,2.28
534,Agadez,NE,2020-10-19 19:02:30,19.75,10.25,84.09,14,0,5.57
535,Shimoda,JP,2020-10-19 19:02:30,34.67,138.95,60.28,75,100,11.14
536,San Cristobal,VE,2020-10-19 19:00:08,7.77,-72.22,93.2,46,40,11.41
537,Puerto Del Rosario,ES,2020-10-19 19:02:31,28.5,-13.86,73.4,78,20,5.82
538,Marang,MY,2020-10-19 19:02:31,5.21,103.21,80.6,88,20,4.7
539,Alice Springs,AU,2020-10-19 19:02:32,-23.7,133.88,66.2,77,75,11.41
540,Ordzhonikidzevskaya,RU,2020-10-19 19:02:32,43.32,45.05,57.2,81,23,6.71
541,Guerrero Negro,MX,2020-10-19 19:02:32,27.98,-114.06,85.14,42,0,7.56
542,Svetlaya,RU,2020-10-19 19:02:32,46.54,138.33,39.7,71,0,5.28
543,Coahuayana,MX,2020-10-19 19:02:32,18.73,-103.68,80.6,78,75,5.53
544,Faya,SA,2020-10-19 19:02:32,18.39,42.45,66.2,93,0,6.93
545,Bose,IT,2020-10-19 19:02:32,45.46,8.01,54.0,87,100,1.01
546,Inhambane,MZ,2020-10-19 19:02:33,-23.86,35.38,71.29,80,0,11.36
547,Revelstoke,CA,2020-10-19 19:02:33,50.98,-118.2,43.83,73,100,3.89
548,Celica,EC,2020-10-19 19:02:33,-4.12,-79.95,91.4,29,40,17.22
549,Phan Thiet,VN,2020-10-19 19:02:33,10.93,108.1,75.69,89,100,4.65
550,Marsaxlokk,MT,2020-10-19 19:02:33,35.84,14.54,66.2,72,40,4.7
551,Sibu,MY,2020-10-19 19:02:33,2.3,111.82,77.0,100,40,1.74
552,Muroto,JP,2020-10-19 19:00:34,33.28,134.15,64.67,59,100,15.39
553,Kargasok,RU,2020-10-19 19:02:34,59.06,80.86,32.88,96,100,14.0
554,Aquiraz,BR,2020-10-19 19:00:30,-3.9,-38.39,84.2,66,100,21.92
555,Quatre Cocos,MU,2020-10-19 19:02:34,-20.21,57.76,75.2,69,40,11.41
556,La Plata,AR,2020-10-19 19:02:34,-34.92,-57.95,72.0,90,64,1.99
557,Kudahuvadhoo,MV,2020-10-19 19:02:34,2.67,72.89,82.42,78,100,11.61
558,Nagua,DO,2020-10-19 19:02:34,19.38,-69.85,86.0,84,20,4.7
559,Lethem,GY,2020-10-19 19:02:35,3.38,-59.8,96.24,37,67,8.25
560,Yar-Sale,RU,2020-10-19 18:59:53,66.83,70.83,17.98,96,0,3.71
561,Cambridge,CA,2020-10-19 18:58:23,43.36,-80.31,46.0,65,100,4.16
562,North Myrtle Beach,US,2020-10-19 19:02:16,33.82,-78.68,80.01,57,1,6.93
563,Ouango,CF,2020-10-19 19:02:35,4.31,22.56,72.23,94,100,2.64
564,Rundu,NA,2020-10-19 19:02:35,-17.93,19.77,76.68,17,0,3.78
565,Jatai,BR,2020-10-19 19:02:36,-17.88,-51.71,81.59,56,45,12.26
566,Kautokeino,NO,2020-10-19 19:02:36,69.01,23.04,23.54,94,0,5.1
567,Muncar,ID,2020-10-19 19:02:36,-8.43,114.33,74.59,89,76,1.88
568,Baijiantan,CN,2020-10-19 19:02:36,45.63,85.18,47.68,40,0,9.73
569,Aloleng,PH,2020-10-19 19:02:37,16.13,119.78,81.12,81,100,7.11
570,Yumen,CN,2020-10-19 19:02:37,40.28,97.2,47.16,47,0,19.01
571,Santa Isabel Do Rio Negro,BR,2020-10-19 19:00:51,-0.41,-65.02,87.44,58,100,2.13
572,Melito Di Porto Salvo,IT,2020-10-19 19:02:37,37.92,15.77,64.0,67,45,4.7
573,Pathein,MM,2020-10-19 19:02:37,16.78,94.73,74.57,97,100,10.4
574,Aklavik,CA,2020-10-19 19:02:37,68.22,-135.01,18.57,91,100,7.18
575,Rawson,AR,2020-10-19 19:02:38,-43.3,-65.1,61.68,29,0,24.76
576,Malakal,SS,2020-10-19 19:02:38,9.53,31.66,76.26,71,0,1.68
577,Atbasar,KZ,2020-10-19 19:02:38,51.8,68.33,47.39,72,0,11.14
578,Teguldet,RU,2020-10-19 19:02:38,57.31,88.17,30.85,98,100,11.16
579,Khani,GE,2020-10-19 19:02:39,41.96,42.96,66.2,100,90,4.7
580,Kampot,KH,2020-10-19 19:02:39,10.62,104.18,77.0,94,40,3.74
581,San Andres,CO,2020-10-19 19:02:39,12.58,-81.7,89.6,70,75,5.82
582,Oktyabrskiy,RU,2020-10-19 19:02:39,54.48,53.47,42.58,83,0,2.82
583,Bang Khla,TH,2020-10-19 19:02:40,13.72,101.21,77.0,83,40,5.82
584,Jimo,CN,2020-10-19 19:02:40,36.39,120.46,50.0,93,0,2.24
585,Tall Kayf,TR,2020-10-19 19:02:40,37.08,41.07,67.06,26,0,4.61
586,Karaton,ID,2020-10-19 19:02:40,-6.34,106.1,78.8,78,20,3.36
587,Medea,DZ,2020-10-19 19:02:40,36.26,2.75,64.4,82,1,3.36
588,Sambava,MG,2020-10-19 19:02:41,-14.27,50.17,75.79,76,77,15.14
589,Kon Tum,VN,2020-10-19 19:00:14,14.35,108.0,70.21,93,100,1.32
